{
  "variants": {
    "": [
      {
        "model": "block/nether_bricks/block/0"
      },
      {
        "model": "block/nether_bricks/block/1"
      },
      {
        "model": "block/nether_bricks/block/2"
      },
      {
        "model": "block/nether_bricks/block/3"
      },
      {
        "model": "block/nether_bricks/block/4"
      },
      {
        "model": "block/nether_bricks/block/5"
      },
      {
        "model": "block/nether_bricks/block/6"
      },
      {
        "model": "block/nether_bricks/block/7"
      },
      {
        "model": "block/nether_bricks/block/8"
      },
      {
        "model": "block/nether_bricks/block/9"
      },
      {
        "model": "block/nether_bricks/block/10"
      },
      {
        "model": "block/nether_bricks/block/11"
      }
    ]
  }
}