{
  "variants": {
    "type=bottom": [
      {
        "model": "block/nether_bricks/slab/0"
      },
      {
        "model": "block/nether_bricks/slab/1"
      },
      {
        "model": "block/nether_bricks/slab/2"
      },
      {
        "model": "block/nether_bricks/slab/3"
      },
      {
        "model": "block/nether_bricks/slab/4"
      },
      {
        "model": "block/nether_bricks/slab/5"
      },
      {
        "model": "block/nether_bricks/slab/6"
      },
      {
        "model": "block/nether_bricks/slab/7"
      },
      {
        "model": "block/nether_bricks/slab/8"
      },
      {
        "model": "block/nether_bricks/slab/9"
      },
      {
        "model": "block/nether_bricks/slab/10"
      },
      {
        "model": "block/nether_bricks/slab/11"
      }
    ],
    "type=top": [
      {
        "model": "block/nether_bricks/slab_top/0"
      },
      {
        "model": "block/nether_bricks/slab_top/1"
      },
      {
        "model": "block/nether_bricks/slab_top/2"
      },
      {
        "model": "block/nether_bricks/slab_top/3"
      },
      {
        "model": "block/nether_bricks/slab_top/4"
      },
      {
        "model": "block/nether_bricks/slab_top/5"
      },
      {
        "model": "block/nether_bricks/slab_top/6"
      },
      {
        "model": "block/nether_bricks/slab_top/7"
      },
      {
        "model": "block/nether_bricks/slab_top/8"
      },
      {
        "model": "block/nether_bricks/slab_top/9"
      },
      {
        "model": "block/nether_bricks/slab_top/10"
      },
      {
        "model": "block/nether_bricks/slab_top/11"
      }
    ],
    "type=double": [
      {
        "model": "block/nether_bricks/block/0"
      },
      {
        "model": "block/nether_bricks/block/1"
      },
      {
        "model": "block/nether_bricks/block/2"
      },
      {
        "model": "block/nether_bricks/block/3"
      },
      {
        "model": "block/nether_bricks/block/4"
      },
      {
        "model": "block/nether_bricks/block/5"
      },
      {
        "model": "block/nether_bricks/block/6"
      },
      {
        "model": "block/nether_bricks/block/7"
      },
      {
        "model": "block/nether_bricks/block/8"
      },
      {
        "model": "block/nether_bricks/block/9"
      },
      {
        "model": "block/nether_bricks/block/10"
      },
      {
        "model": "block/nether_bricks/block/11"
      }
    ]
  }
}