{
  "variants": {
    "": [
      {
        "model": "block/red_nether_bricks/block/0"
      },
      {
        "model": "block/red_nether_bricks/block/1"
      },
      {
        "model": "block/red_nether_bricks/block/2"
      },
      {
        "model": "block/red_nether_bricks/block/3"
      },
      {
        "model": "block/red_nether_bricks/block/4"
      },
      {
        "model": "block/red_nether_bricks/block/5"
      },
      {
        "model": "block/red_nether_bricks/block/6"
      },
      {
        "model": "block/red_nether_bricks/block/7"
      }
    ]
  }
}