{
  "variants": {
    "type=bottom": [
      {
        "model": "block/red_nether_bricks/slab/0"
      },
      {
        "model": "block/red_nether_bricks/slab/1"
      },
      {
        "model": "block/red_nether_bricks/slab/2"
      },
      {
        "model": "block/red_nether_bricks/slab/3"
      },
      {
        "model": "block/red_nether_bricks/slab/4"
      },
      {
        "model": "block/red_nether_bricks/slab/5"
      },
      {
        "model": "block/red_nether_bricks/slab/6"
      },
      {
        "model": "block/red_nether_bricks/slab/7"
      }
    ],
    "type=top": [
      {
        "model": "block/red_nether_bricks/slab_top/0"
      },
      {
        "model": "block/red_nether_bricks/slab_top/1"
      },
      {
        "model": "block/red_nether_bricks/slab_top/2"
      },
      {
        "model": "block/red_nether_bricks/slab_top/3"
      },
      {
        "model": "block/red_nether_bricks/slab_top/4"
      },
      {
        "model": "block/red_nether_bricks/slab_top/5"
      },
      {
        "model": "block/red_nether_bricks/slab_top/6"
      },
      {
        "model": "block/red_nether_bricks/slab_top/7"
      }
    ],
    "type=double": [
      {
        "model": "block/red_nether_bricks/block/0"
      },
      {
        "model": "block/red_nether_bricks/block/1"
      },
      {
        "model": "block/red_nether_bricks/block/2"
      },
      {
        "model": "block/red_nether_bricks/block/3"
      },
      {
        "model": "block/red_nether_bricks/block/4"
      },
      {
        "model": "block/red_nether_bricks/block/5"
      },
      {
        "model": "block/red_nether_bricks/block/6"
      },
      {
        "model": "block/red_nether_bricks/block/7"
      }
    ]
  }
}